frame number,publisher_sent,subscriber_received,latency
19001,1708297973339778,1708297973393927,54149
19002,1708297973406369,1708297973459934,53565
19003,1708297973472331,1708297973513913,41582
19004,1708297973526537,1708297973571635,45098
19005,1708297973585204,1708297973631514,46310
19006,1708297973644700,1708297973689618,44918
19007,1708297973703059,1708297973748445,45386
19008,1708297973761873,1708297973806874,45001
19009,1708297973820539,1708297973866179,45640
19010,1708297973879763,1708297973924347,44584
19011,1708297973937885,1708297973983202,45317
19012,1708297973996906,1708297974042188,45282
19013,1708297974055657,1708297974100829,45172
19014,1708297974112545,1708297974154537,41992
19015,1708297974167010,1708297974208983,41973
19016,1708297974222450,1708297974267760,45310
19017,1708297974281242,1708297974326305,45063
19018,1708297974338359,1708297974379798,41439
19019,1708297974392183,1708297974434273,42090
19020,1708297974447577,1708297974492521,44944
19021,1708297974506884,1708297974551836,44952
19022,1708297974565232,1708297974610507,45275
19023,1708297974625416,1708297974671386,45970
19024,1708297974686291,1708297974734619,48328
19025,1708297974749468,1708297974795676,46208
19026,1708297974810496,1708297974857595,47099
19027,1708297974872669,1708297974918559,45890
19028,1708297974933557,1708297974979269,45712
19029,1708297974997304,1708297975039828,42524
19030,1708297975053634,1708297975097261,43627
19031,1708297975112284,1708297975158187,45903
19032,1708297975173034,1708297975218871,45837
19033,1708297975233945,1708297975279678,45733
19034,1708297975294654,1708297975341852,47198
19035,1708297975356815,1708297975402815,46000
19036,1708297975417852,1708297975463826,45974
19037,1708297975478744,1708297975526182,47438
19038,1708297975539269,1708297975581744,42475
19039,1708297975595428,1708297975637736,42308
19040,1708297975651187,1708297975693216,42029
19042,1708297975769673,1708297975812325,42652
19043,1708297975825960,1708297975870399,44439
19044,1708297975885368,1708297975931471,46103
19045,1708297975946580,1708297975993359,46779
19046,1708297976007871,1708297976054538,46667
19047,1708297976069573,1708297976115174,45601
19048,1708297976130118,1708297976176200,46082
19049,1708297976191251,1708297976237038,45787
19050,1708297976251988,1708297976297727,45739
19051,1708297976311110,1708297976353530,42420
19052,1708297976367022,1708297976409806,42784
19053,1708297976424844,1708297976470467,45623
19054,1708297976485468,1708297976531473,46005
19055,1708297976546434,1708297976592323,45889
19056,1708297976607389,1708297976653404,46015
19057,1708297976668486,1708297976714435,45949
19058,1708297976729368,1708297976776918,47550
19059,1708297976791911,1708297976838325,46414
19060,1708297976853374,1708297976899392,46018
19061,1708297976914454,1708297976959516,45062
19062,1708297976973169,1708297977015589,42420
19063,1708297977029240,1708297977072972,43732
19064,1708297977087981,1708297977133806,45825
19065,1708297977148766,1708297977194882,46116
19066,1708297977209880,1708297977255574,45694
19067,1708297977270569,1708297977316549,45980
19068,1708297977331359,1708297977377026,45667
19069,1708297977392061,1708297977437899,45838
19070,1708297977453021,1708297977498979,45958
19071,1708297977511976,1708297977554280,42304
19072,1708297977567936,1708297977610969,43033
19073,1708297977625801,1708297977671576,45775
19074,1708297977686518,1708297977731376,44858
19075,1708297977745589,1708297977788493,42904
19076,1708297977802165,1708297977846857,44692
19077,1708297977862046,1708297977907995,45949
19078,1708297977922958,1708297977968672,45714
19079,1708297977983810,1708297978029583,45773
19080,1708297978044749,1708297978090228,45479
19081,1708297978105191,1708297978151261,46070
19082,1708297978166182,1708297978211780,45598
19083,1708297978226863,1708297978272189,45326
19084,1708297978285964,1708297978327893,41929
19085,1708297978341704,1708297978385258,43554
19086,1708297978400138,1708297978445655,45517
19087,1708297978460670,1708297978507465,46795
19088,1708297978521726,1708297978567381,45655
19089,1708297978582547,1708297978628413,45866
19090,1708297978643654,1708297978689193,45539
19091,1708297978704296,1708297978751212,46916
19092,1708297978765575,1708297978815017,49442
19093,1708297978828488,1708297978870734,42246
19094,1708297978884500,1708297978926910,42410
19095,1708297978940556,1708297978982918,42362
19096,1708297978996510,1708297979039381,42871
19097,1708297979053265,1708297979095058,41793
19098,1708297979108660,1708297979151628,42968
19099,1708297979166802,1708297979212812,46010
19100,1708297979227708,1708297979273302,45594
19101,1708297979288206,1708297979334024,45818
19102,1708297979349027,1708297979394963,45936
19103,1708297979410035,1708297979456951,46916
19104,1708297979471300,1708297979516930,45630
19105,1708297979531905,1708297979577482,45577
19106,1708297979592642,1708297979638271,45629
19107,1708297979653470,1708297979698719,45249
19108,1708297979712574,1708297979755180,42606
19109,1708297979768901,1708297979812356,43455
19110,1708297979827946,1708297979873322,45376
19111,1708297979888327,1708297979934065,45738
19112,1708297979949066,1708297979994802,45736
19113,1708297980009558,1708297980055491,45933
19114,1708297980070601,1708297980116838,46237
19115,1708297980131959,1708297980177980,46021
19116,1708297980193031,1708297980239052,46021
19117,1708297980252238,1708297980293902,41664
19118,1708297980307635,1708297980350868,43233
19119,1708297980365815,1708297980411867,46052
19120,1708297980426835,1708297980485232,58397
19121,1708297980491787,1708297980560271,68484
19122,1708297980570529,1708297980618556,48027
19123,1708297980631777,1708297980677573,45796
19125,1708297980772168,1708297980828738,56570
19127,1708297980916516,1708297980969786,53270
19130,1708297981114824,1708297981175855,61031
19131,1708297981192614,1708297981270050,77436
19132,1708297981269428,1708297981321762,52334
19133,1708297981334589,1708297981377619,43030
19134,1708297981391155,1708297981432474,41319
19135,1708297981447589,1708297981492837,45248
19136,1708297981507844,1708297981552997,45153
19137,1708297981568191,1708297981613599,45408
19138,1708297981628788,1708297981673037,44249
19139,1708297981686953,1708297981728931,41978
19140,1708297981742959,1708297981786344,43385
19141,1708297981801319,1708297981854702,53383
19142,1708297981870000,1708297981915398,45398
19143,1708297981930700,1708297981975697,44997
19144,1708297981990980,1708297982036524,45544
19145,1708297982051667,1708297982096968,45301
19146,1708297982112201,1708297982158009,45808
19147,1708297982173161,1708297982218460,45299
19148,1708297982231933,1708297982274018,42085
19149,1708297982287931,1708297982330467,42536
19150,1708297982345668,1708297982391017,45349
19151,1708297982406241,1708297982451336,45095
19152,1708297982466415,1708297982511679,45264
19153,1708297982526790,1708297982572456,45666
19154,1708297982587648,1708297982633000,45352
19155,1708297982648498,1708297982693527,45029
19156,1708297982708752,1708297982754145,45393
19157,1708297982769547,1708297982814854,45307
19158,1708297982830210,1708297982875358,45148
19159,1708297982888782,1708297982930597,41815
19160,1708297982944609,1708297982986445,41836
19161,1708297983000340,1708297983042710,42370
19162,1708297983056012,1708297983098388,42376
19163,1708297983113566,1708297983158950,45384
19164,1708297983174189,1708297983219508,45319
19165,1708297983234732,1708297983280159,45427
19166,1708297983295172,1708297983340159,44987
19167,1708297983355396,1708297983400493,45097
19168,1708297983415784,1708297983460956,45172
19169,1708297983475992,1708297983521048,45056
19170,1708297983536538,1708297983581703,45165
19171,1708297983597114,1708297983642269,45155
19172,1708297983655718,1708297983697617,41899
19173,1708297983711764,1708297983754194,42430
19174,1708297983768940,1708297983814347,45407
19175,1708297983829583,1708297983874504,44921
19176,1708297983889686,1708297983934999,45313
19177,1708297983950321,1708297983995862,45541
19178,1708297984010917,1708297984056035,45118
19179,1708297984071327,1708297984116207,44880
19180,1708297984131377,1708297984176543,45166
19181,1708297984191797,1708297984236820,45023
19182,1708297984252100,1708297984297458,45358
19183,1708297984310802,1708297984352357,41555
19184,1708297984366213,1708297984408165,41952
19185,1708297984423256,1708297984468436,45180
19186,1708297984483573,1708297984528132,44559
19187,1708297984541904,1708297984583864,41960
19188,1708297984597620,1708297984640664,43044
19189,1708297984655790,1708297984700956,45166
19190,1708297984716165,1708297984796224,80059
19191,1708297984809360,1708297984857973,48613
19192,1708297984872722,1708297984916562,43840
19193,1708297984930598,1708297984974759,44161
19194,1708297984990042,1708297985035170,45128
19195,1708297985050453,1708297985095831,45378
19196,1708297985111168,1708297985156189,45021
19197,1708297985171439,1708297985216690,45251
19198,1708297985231995,1708297985277188,45193
19199,1708297985292477,1708297985337748,45271
19200,1708297985353184,1708297985398268,45084
19201,1708297985411744,1708297985453369,41625
19202,1708297985467418,1708297985510212,42794
19203,1708297985525500,1708297985570917,45417
19204,1708297985586197,1708297985631575,45378
19205,1708297985646777,1708297985691574,44797
19206,1708297985706811,1708297985752483,45672
19207,1708297985767772,1708297985812824,45052
19208,1708297985828529,1708297985873062,44533
19209,1708297985888322,1708297985933188,44866
19210,1708297985948566,1708297985993775,45209
19211,1708297986009252,1708297986054320,45068
19212,1708297986067891,1708297986109460,41569
19213,1708297986123373,1708297986166031,42658
19214,1708297986180997,1708297986226369,45372
19215,1708297986241619,1708297986286598,44979
19216,1708297986301880,1708297986347180,45300
19217,1708297986362504,1708297986407818,45314
19218,1708297986423164,1708297986468315,45151
19219,1708297986483547,1708297986528585,45038
19220,1708297986543843,1708297986588992,45149
19221,1708297986604357,1708297986649704,45347
19222,1708297986664893,1708297986711387,46494
19223,1708297986724140,1708297986765957,41817
19224,1708297986779966,1708297986822954,42988
19225,1708297986837827,1708297986883337,45510
19226,1708297986898589,1708297986943843,45254
19227,1708297986959196,1708297987004529,45333
19228,1708297987019827,1708297987066124,46297
19229,1708297987081346,1708297987126463,45117
19230,1708297987141730,1708297987186969,45239
19231,1708297987202256,1708297987247363,45107
19232,1708297987262677,1708297987307830,45153
19233,1708297987323063,1708297987368579,45516
19234,1708297987382146,1708297987423860,41714
19235,1708297987437959,1708297987480273,42314
19236,1708297987495480,1708297987540898,45418
19237,1708297987556050,1708297987600436,44386
19238,1708297987614273,1708297987655941,41668
19239,1708297987669813,1708297987713903,44090
19240,1708297987729012,1708297987774161,45149
19241,1708297987789432,1708297987834938,45506
19242,1708297987850246,1708297987896722,46476
19244,1708297987970778,1708297988012493,41715
19245,1708297988027507,1708297988072673,45166
19246,1708297988087960,1708297988133554,45594
19247,1708297988146833,1708297988188788,41955
19248,1708297988202777,1708297988244786,42009
19249,1708297988259888,1708297988305245,45357
19250,1708297988320553,1708297988364512,43959
19251,1708297988378628,1708297988420263,41635
19252,1708297988434255,1708297988477386,43131
19253,1708297988493268,1708297988538432,45164
19254,1708297988553711,1708297988599490,45779
19255,1708297988614301,1708297988659771,45470
19256,1708297988674998,1708297988720251,45253
19257,1708297988738875,1708297988785025,46150
19258,1708297988800401,1708297988846251,45850
19259,1708297988861613,1708297988907022,45409
19260,1708297988920723,1708297988962459,41736
19261,1708297988976490,1708297989019211,42721
19262,1708297989034583,1708297989079791,45208
19263,1708297989095103,1708297989140163,45060
19264,1708297989155504,1708297989200754,45250
19265,1708297989216127,1708297989261139,45012
19266,1708297989276577,1708297989321810,45233
19267,1708297989337294,1708297989382305,45011
19268,1708297989397588,1708297989442606,45018
19269,1708297989457964,1708297989504826,46862
19270,1708297989520246,1708297989565351,45105
19271,1708297989580653,1708297989626145,45492
19272,1708297989641541,1708297989686831,45290
19273,1708297989702209,1708297989747640,45431
19274,1708297989762896,1708297989808034,45138
19275,1708297989823381,1708297989868515,45134
19276,1708297989884021,1708297989929423,45402
19277,1708297989944798,1708297989990013,45215
19278,1708297990005561,1708297990051157,45596
19279,1708297990066444,1708297990111621,45177
19280,1708297990125312,1708297990166905,41593
19281,1708297990180781,1708297990223368,42587
19282,1708297990238586,1708297990283666,45080
19283,1708297990298903,1708297990344580,45677
19284,1708297990359999,1708297990405421,45422
19285,1708297990420719,1708297990466013,45294
19286,1708297990481423,1708297990526837,45414
19287,1708297990542390,1708297990587699,45309
19288,1708297990602867,1708297990647840,44973
19289,1708297990663158,1708297990708471,45313
19290,1708297990723765,1708297990769272,45507
19291,1708297990782745,1708297990824452,41707
19292,1708297990838593,1708297990881248,42655
19293,1708297990896351,1708297990942768,46417
19295,1708297991021778,1708297991067358,45580
19296,1708297991082662,1708297991127933,45271
19297,1708297991143305,1708297991188541,45236
19298,1708297991203968,1708297991249261,45293
19299,1708297991264585,1708297991309930,45345
19300,1708297991325159,1708297991370148,44989
19301,1708297991385467,1708297991430264,44797
19302,1708297991444364,1708297991485995,41631
19303,1708297991499933,1708297991542899,42966
19304,1708297991558294,1708297991603953,45659
19305,1708297991619025,1708297991664129,45104
19306,1708297991679562,1708297991724712,45150
19307,1708297991739969,1708297991785020,45051
19308,1708297991800376,1708297991846052,45676
19309,1708297991861569,1708297991906672,45103
19310,1708297991921981,1708297991967632,45651
19311,1708297991983001,1708297992028351,45350
19312,1708297992043834,1708297992088480,44646
19313,1708297992102517,1708297992144797,42280
19314,1708297992158359,1708297992201611,43252
19315,1708297992216845,1708297992262420,45575
19316,1708297992277786,1708297992323301,45515
19317,1708297992338577,1708297992383895,45318
19318,1708297992399186,1708297992444698,45512
19319,1708297992460005,1708297992506496,46491
19320,1708297992521997,1708297992567348,45351
19321,1708297992582675,1708297992628417,45742
19322,1708297992641810,1708297992683396,41586
19323,1708297992697442,1708297992739820,42378
19324,1708297992755149,1708297992799948,44799
19325,1708297992815288,1708297992859327,44039
19326,1708297992873456,1708297992915327,41871
19327,1708297992929335,1708297992972736,43401
19328,1708297992988012,1708297993033178,45166
19329,1708297993048519,1708297993093675,45156
19330,1708297993109112,1708297993154315,45203
19331,1708297993169648,1708297993214925,45277
19332,1708297993230328,1708297993275285,44957
19333,1708297993290578,1708297993335713,45135
19334,1708297993351059,1708297993396775,45716
19335,1708297993410182,1708297993451713,41531
19336,1708297993465755,1708297993508156,42401
19337,1708297993523408,1708297993568457,45049
19338,1708297993583903,1708297993627881,43978
19339,1708297993641979,1708297993683796,41817
19340,1708297993697788,1708297993741637,43849
19341,1708297993756919,1708297993802262,45343
19342,1708297993817590,1708297993862746,45156
19343,1708297993878137,1708297993923499,45362
19344,1708297993938910,1708297993985120,46210
19346,1708297994065772,1708297994111205,45433
19347,1708297994126471,1708297994171217,44746
19348,1708297994185219,1708297994227020,41801
19349,1708297994241020,1708297994284138,43118
19350,1708297994299614,1708297994345018,45404
19351,1708297994360341,1708297994405817,45476
19352,1708297994421214,1708297994466192,44978
19353,1708297994481393,1708297994527212,45819
19354,1708297994542738,1708297994588002,45264
19355,1708297994603345,1708297994648660,45315
19356,1708297994663911,1708297994709513,45602
19357,1708297994724671,1708297994770376,45705
19358,1708297994785645,1708297994830878,45233
19359,1708297994844321,1708297994886227,41906
19360,1708297994900169,1708297994943530,43361
19361,1708297994958880,1708297995003959,45079
19362,1708297995019319,1708297995064674,45355
19363,1708297995079904,1708297995125859,45955
19364,1708297995141304,1708297995186846,45542
19365,1708297995202133,1708297995247323,45190
19366,1708297995262775,1708297995308645,45870
19367,1708297995323808,1708297995369370,45562
19368,1708297995382770,1708297995424405,41635
19369,1708297995438576,1708297995480813,42237
19370,1708297995496142,1708297995541987,45845
19371,1708297995557308,1708297995602128,44820
19372,1708297995615842,1708297995657663,41821
19373,1708297995671775,1708297995715359,43584
19374,1708297995730346,1708297995775168,44822
19375,1708297995790484,1708297995835863,45379
19376,1708297995851036,1708297995896387,45351
19377,1708297995911679,1708297995956937,45258
19378,1708297995972297,1708297996017680,45383
19379,1708297996032996,1708297996078583,45587
19380,1708297996093780,1708297996139170,45390
19381,1708297996152571,1708297996194456,41885
19382,1708297996208610,1708297996250523,41913
19383,1708297996265659,1708297996310895,45236
19384,1708297996326180,1708297996370005,43825
19385,1708297996384047,1708297996425642,41595
19386,1708297996439640,1708297996482958,43318
19387,1708297996498328,1708297996543453,45125
19388,1708297996558835,1708297996604185,45350
19389,1708297996619362,1708297996664687,45325
19390,1708297996679987,1708297996725146,45159
19391,1708297996740397,1708297996785800,45403
19392,1708297996801044,1708297996846558,45514
19393,1708297996861682,1708297996907323,45641
19394,1708297996920778,1708297996962499,41721
19395,1708297996976548,1708297997019048,42500
19397,1708297997101328,1708297997144488,43160
19398,1708297997158547,1708297997200280,41733
19399,1708297997214399,1708297997258790,44391
19400,1708297997274205,1708297997319426,45221
19401,1708297997334789,1708297997380487,45698
19402,1708297997395657,1708297997440649,44992
19403,1708297997456039,1708297997501407,45368
19404,1708297997516461,1708297997561847,45386
19405,1708297997576997,1708297997622490,45493
19406,1708297997637862,1708297997682297,44435
19407,1708297997696311,1708297997738228,41917
19408,1708297997752358,1708297997795564,43206
19409,1708297997810785,1708297997856035,45250
19410,1708297997871603,1708297997916621,45018
19411,1708297997931887,1708297997977065,45178
19412,1708297997992395,1708297998037535,45140
19413,1708297998052813,1708297998097902,45089
19414,1708297998113405,1708297998158530,45125
19415,1708297998173968,1708297998219374,45406
19416,1708297998232766,1708297998274404,41638
19417,1708297998288420,1708297998330704,42284
19418,1708297998345992,1708297998391066,45074
19419,1708297998406478,1708297998450498,44020
19420,1708297998464632,1708297998506726,42094
19421,1708297998520268,1708297998563575,43307
19422,1708297998578911,1708297998624124,45213
19423,1708297998639487,1708297998684525,45038
19424,1708297998699911,1708297998745515,45604
19425,1708297998760786,1708297998806455,45669
19426,1708297998821830,1708297998867031,45201
19427,1708297998882400,1708297998927805,45405
19428,1708297998943254,1708297998988863,45609
19429,1708297999002578,1708297999044542,41964
19430,1708297999058258,1708297999100234,41976
19431,1708297999115358,1708297999161697,46339
19432,1708297999176914,1708297999221152,44238
19433,1708297999235153,1708297999276501,41348
19434,1708297999290657,1708297999334514,43857
19435,1708297999349834,1708297999395017,45183
19436,1708297999410440,1708297999455641,45201
19437,1708297999470927,1708297999516383,45456
19438,1708297999531875,1708297999577047,45172
19439,1708297999592317,1708297999637521,45204
19440,1708297999652854,1708297999698136,45282
19441,1708297999713506,1708297999758875,45369
19442,1708297999772467,1708297999814368,41901
19443,1708297999828465,1708297999870228,41763
19444,1708297999884346,1708297999926268,41922
19445,1708297999940173,1708297999982971,42798
19446,1708297999998652,1708298000043922,45270
19447,1708298000059220,1708298000109721,50501
19448,1708298000129608,1708298000175065,45457
19449,1708298000190359,1708298000235681,45322
19450,1708298000251009,1708298000296311,45302
19451,1708298000311708,1708298000356989,45281
19452,1708298000372361,1708298000417636,45275
19453,1708298000431279,1708298000472511,41232
19454,1708298000486609,1708298000529348,42739
19455,1708298000544415,1708298000589648,45233
19456,1708298000605040,1708298000650414,45374
19457,1708298000665695,1708298000711123,45428
19458,1708298000726227,1708298000771491,45264
19459,1708298000786790,1708298000832753,45963
19460,1708298000847753,1708298000892818,45065
19461,1708298000908125,1708298000953322,45197
19462,1708298000968822,1708298001014135,45313
19463,1708298001029476,1708298001074886,45410
19464,1708298001088451,1708298001130056,41605
19465,1708298001144137,1708298001186288,42151
19466,1708298001200341,1708298001241870,41529
19467,1708298001255872,1708298001298300,42428
19468,1708298001313691,1708298001358617,44926
19469,1708298001374013,1708298001419422,45409
19470,1708298001434825,1708298001479854,45029
19471,1708298001495304,1708298001541633,46329
19472,1708298001557001,1708298001602652,45651
19473,1708298001617870,1708298001662896,45026
19474,1708298001678282,1708298001723916,45634
19475,1708298001739304,1708298001784138,44834
19476,1708298001799457,1708298001844001,44544
19477,1708298001857831,1708298001899537,41706
19478,1708298001913564,1708298001956048,42484
19479,1708298001971662,1708298002016773,45111
19480,1708298002032173,1708298002077165,44992
19481,1708298002092537,1708298002137730,45193
19482,1708298002152925,1708298002198411,45486
19483,1708298002213665,1708298002258817,45152
19484,1708298002274357,1708298002319567,45210
19485,1708298002334812,1708298002380298,45486
19486,1708298002395473,1708298002440745,45272
19487,1708298002456015,1708298002501015,45000
19488,1708298002514945,1708298002556485,41540
19489,1708298002570496,1708298002613437,42941
19490,1708298002628725,1708298002673838,45113
19491,1708298002689137,1708298002734635,45498
19492,1708298002749814,1708298002795030,45216
19493,1708298002810165,1708298002855671,45506
19494,1708298002871251,1708298002916513,45262
19495,1708298002931963,1708298002977150,45187
19496,1708298002992451,1708298003037844,45393
19497,1708298003053131,1708298003098364,45233
19498,1708298003113852,1708298003166556,52704
19499,1708298003179683,1708298003230147,50464
19500,1708298003244215,1708298003289173,44958
19501,1708298003304866,1708298003350323,45457
19502,1708298003365728,1708298003411318,45590
19503,1708298003426654,1708298003472352,45698
19504,1708298003487801,1708298003533638,45837
19505,1708298003548937,1708298003594377,45440
19506,1708298003608061,1708298003650361,42300
19507,1708298003664454,1708298003707001,42547
19508,1708298003721258,1708298003762391,41133
19509,1708298003776391,1708298003819288,42897
19510,1708298003834582,1708298003891727,57145
19511,1708298003909112,1708298003954213,45101
19512,1708298003969823,1708298004015318,45495
19513,1708298004030721,1708298004075705,44984
19514,1708298004090959,1708298004136235,45276
19515,1708298004151556,1708298004196780,45224
19516,1708298004212177,1708298004256888,44711
19517,1708298004271046,1708298004312834,41788
19518,1708298004326853,1708298004369859,43006
19519,1708298004385461,1708298004430453,44992
19520,1708298004445799,1708298004490953,45154
19521,1708298004506361,1708298004552671,46310
19522,1708298004567966,1708298004613490,45524
19523,1708298004628829,1708298004674248,45419
19524,1708298004689647,1708298004735497,45850
19525,1708298004750917,1708298004796803,45886
19526,1708298004810314,1708298004851480,41166
19527,1708298004865475,1708298004907898,42423
19528,1708298004923042,1708298004968400,45358
19529,1708298004983819,1708298005027720,43901
19530,1708298005041820,1708298005083478,41658
19531,1708298005097578,1708298005140725,43147
19532,1708298005155997,1708298005201302,45305
19533,1708298005216623,1708298005261896,45273
19534,1708298005277240,1708298005322475,45235
19535,1708298005337819,1708298005383204,45385
19536,1708298005398430,1708298005443155,44725
19537,1708298005458690,1708298005504833,46143
19538,1708298005520216,1708298005565526,45310
19539,1708298005578991,1708298005620606,41615
19540,1708298005634657,1708298005677472,42815
19541,1708298005692662,1708298005738283,45621
19542,1708298005753331,1708298005797577,44246
19543,1708298005811372,1708298005853282,41910
19544,1708298005867347,1708298005911137,43790
19545,1708298005926569,1708298005972143,45574
19546,1708298005987411,1708298006056963,69552
19547,1708298006078289,1708298006124342,46053
19548,1708298006137128,1708298006181172,44044
19549,1708298006193706,1708298006240956,47250
19550,1708298006256354,1708298006302214,45860
19551,1708298006317497,1708298006362826,45329
19552,1708298006378683,1708298006423879,45196
19553,1708298006439359,1708298006489922,50563
19555,1708298006598038,1708298006650047,52009
19558,1708298006799902,1708298006857346,57444
19559,1708298006865328,1708298006925995,60667
19562,1708298007057196,1708298007115422,58226
19564,1708298007194919,1708298007255646,60727
19565,1708298007269887,1708298007321266,51379
19566,1708298007333413,1708298007375251,41838
19567,1708298007387667,1708298007430248,42581
19568,1708298007443625,1708298007488931,45306
19569,1708298007502604,1708298007547594,44990
19570,1708298007561065,1708298007605997,44932
19571,1708298007619873,1708298007664998,45125
19572,1708298007678678,1708298007724393,45715
19573,1708298007738550,1708298007783531,44981
19574,1708298007796912,1708298007842390,45478
19575,1708298007855856,1708298007901332,45476
19576,1708298007914820,1708298007959783,44963
19577,1708298007973429,1708298008018827,45398
19578,1708298008032392,1708298008077280,44888
19579,1708298008090829,1708298008136169,45340
19580,1708298008149627,1708298008194796,45169
19581,1708298008206863,1708298008248631,41768
19582,1708298008260960,1708298008303364,42404
19583,1708298008316563,1708298008362153,45590
19584,1708298008375583,1708298008420323,44740
19585,1708298008432621,1708298008474755,42134
19586,1708298008486762,1708298008529651,42889
19587,1708298008542826,1708298008588252,45426
19588,1708298008601712,1708298008647409,45697
19589,1708298008661040,1708298008706426,45386
19590,1708298008719954,1708298008765130,45176
19591,1708298008778657,1708298008824247,45590
19592,1708298008837997,1708298008883398,45401
19593,1708298008896657,1708298008941757,45100
19594,1708298008955391,1708298009000825,45434
19595,1708298009014511,1708298009059917,45406
19596,1708298009073523,1708298009118848,45325
19597,1708298009132383,1708298009177740,45357
19598,1708298009191128,1708298009240228,49100
19599,1708298009252876,1708298009301531,48655
19600,1708298009313665,1708298009355292,41627
19601,1708298009367564,1708298009410717,43153
19602,1708298009424222,1708298009469364,45142
19603,1708298009482884,1708298009528064,45180
19604,1708298009541588,1708298009586870,45282
19605,1708298009600292,1708298009645669,45377
19606,1708298009659225,1708298009704287,45062
19607,1708298009717892,1708298009763438,45546
19608,1708298009776658,1708298009821514,44856
19609,1708298009835458,1708298009880588,45130
19610,1708298009893918,1708298009938999,45081
19611,1708298009952660,1708298009997584,44924
19612,1708298010011191,1708298010056351,45160
19613,1708298010069730,1708298010114854,45124
19614,1708298010128394,1708298010173361,44967
19615,1708298010185448,1708298010226827,41379
19616,1708298010239200,1708298010281134,41934
19617,1708298010294462,1708298010339775,45313
19618,1708298010353256,1708298010397710,44454
19619,1708298010410189,1708298010451616,41427
19620,1708298010463981,1708298010506722,42741
19621,1708298010520201,1708298010565243,45042
19622,1708298010578725,1708298010623837,45112
19623,1708298010637362,1708298010682422,45060
19625,1708298010771327,1708298010820242,48915
19626,1708298010836059,1708298010878061,42002
19627,1708298010890306,1708298010932521,42215
19628,1708298010946121,1708298010991274,45153
19629,1708298011004787,1708298011050148,45361
19630,1708298011062191,1708298011103877,41686
19631,1708298011116306,1708298011158716,42410
19632,1708298011172580,1708298011217884,45304
19634,1708298011290412,1708298011335615,45203
19635,1708298011349175,1708298011394388,45213
19636,1708298011408008,1708298011453031,45023
19637,1708298011466561,1708298011512628,46067
19638,1708298011526276,1708298011571428,45152
19639,1708298011585141,1708298011644202,59061
19640,1708298011663220,1708298011708981,45761
19641,1708298011723973,1708298011770203,46230
19642,1708298011785279,1708298011831354,46075
19643,1708298011846267,1708298011892519,46252
19644,1708298011907549,1708298011953268,45719
19645,1708298011968337,1708298012014290,45953
19646,1708298012029439,1708298012075219,45780
19647,1708298012090285,1708298012135879,45594
19648,1708298012151135,1708298012196457,45322
19649,1708298012211601,1708298012256813,45212
19650,1708298012271870,1708298012320448,48578
19651,1708298012334142,1708298012379052,44910
19652,1708298012393885,1708298012440044,46159
19653,1708298012455029,1708298012504065,49036
19654,1708298012519186,1708298012564802,45616
19655,1708298012579854,1708298012625841,45987
19656,1708298012640915,1708298012686872,45957
19657,1708298012701757,1708298012748790,47033
19658,1708298012763923,1708298012808933,45010
19659,1708298012822616,1708298012864812,42196
19660,1708298012878709,1708298012922163,43454
19661,1708298012937052,1708298012982922,45870
19662,1708298012998067,1708298013043937,45870
19663,1708298013059152,1708298013104722,45570
19664,1708298013119832,1708298013165859,46027
19665,1708298013180718,1708298013226344,45626
19666,1708298013241426,1708298013286940,45514
19667,1708298013302012,1708298013347886,45874
19668,1708298013361316,1708298013403713,42397
19669,1708298013417422,1708298013459993,42571
19670,1708298013474841,1708298013520843,46002
19671,1708298013535814,1708298013579959,44145
19672,1708298013593699,1708298013636031,42332
19673,1708298013649549,1708298013693386,43837
19674,1708298013708514,1708298013755020,46506
19675,1708298013770122,1708298013815653,45531
19676,1708298013830780,1708298013876697,45917
19677,1708298013891559,1708298013936930,45371
19678,1708298013952005,1708298013997765,45760
19679,1708298014012858,1708298014058985,46127
19680,1708298014074049,1708298014119358,45309
19681,1708298014132983,1708298014175390,42407
19682,1708298014189171,1708298014231941,42770
19683,1708298014246901,1708298014292513,45612
19684,1708298014307600,1708298014353330,45730
19685,1708298014368368,1708298014414123,45755
19686,1708298014429166,1708298014474931,45765
19687,1708298014490727,1708298014536353,45626
19688,1708298014551609,1708298014597585,45976
19689,1708298014612464,1708298014658480,46016
19690,1708298014673462,1708298014719266,45804
19691,1708298014739587,1708298014787846,48259
19692,1708298014802186,1708298014848272,46086
19693,1708298014863287,1708298014909067,45780
19694,1708298014924174,1708298014970304,46130
19695,1708298014985387,1708298015030930,45543
19696,1708298015046326,1708298015091974,45648
19697,1708298015107019,1708298015152724,45705
19698,1708298015167811,1708298015213454,45643
19699,1708298015226810,1708298015268720,41910
19700,1708298015282526,1708298015328235,45709
19701,1708298015341330,1708298015384134,42804
19702,1708298015397652,1708298015441246,43594
19703,1708298015456365,1708298015503736,47371
19704,1708298015518988,1708298015564491,45503
19705,1708298015579674,1708298015625515,45841
19706,1708298015640710,1708298015686540,45830
19707,1708298015701671,1708298015747481,45810
19708,1708298015762777,1708298015808830,46053
19709,1708298015824020,1708298015870027,46007
19710,1708298015883478,1708298015925494,42016
19711,1708298015939276,1708298015981870,42594
19712,1708298015996929,1708298016042631,45702
19713,1708298016057604,1708298016103317,45713
19714,1708298016118445,1708298016164433,45988
19715,1708298016179197,1708298016225029,45832
19716,1708298016240140,1708298016286053,45913
19717,1708298016301217,1708298016346731,45514
19718,1708298016361840,1708298016407765,45925
19719,1708298016423051,1708298016468703,45652
19720,1708298016483768,1708298016529801,46033
19721,1708298016543145,1708298016585191,42046
19722,1708298016599108,1708298016641850,42742
19723,1708298016656959,1708298016702756,45797
19724,1708298016718061,1708298016763785,45724
19725,1708298016778910,1708298016824601,45691
19726,1708298016839741,1708298016885927,46186
19727,1708298016900922,1708298016946439,45517
19728,1708298016961617,1708298017007009,45392
19729,1708298017022140,1708298017067617,45477
19730,1708298017082802,1708298017128280,45478
19731,1708298017143412,1708298017188848,45436
19732,1708298017202271,1708298017244202,41931
19733,1708298017257921,1708298017300752,42831
19734,1708298017315705,1708298017361367,45662
19735,1708298017376462,1708298017422205,45743
19736,1708298017437343,1708298017482909,45566
19737,1708298017498052,1708298017543931,45879
19738,1708298017558983,1708298017604819,45836
19739,1708298017620106,1708298017665630,45524
19740,1708298017680852,1708298017726832,45980
19741,1708298017742059,1708298017787495,45436
19742,1708298017802539,1708298017847798,45259
19743,1708298017861567,1708298017903785,42218
19744,1708298017917626,1708298017960986,43360
19745,1708298017975965,1708298018021841,45876
19746,1708298018036938,1708298018083028,46090
19747,1708298018098180,1708298018144035,45855
19748,1708298018159160,1708298018204904,45744
19749,1708298018220009,1708298018265783,45774
19750,1708298018281004,1708298018326828,45824
19751,1708298018341932,1708298018404711,62779
19752,1708298018426183,1708298018467952,41769
19753,1708298018480442,1708298018526408,45966
19754,1708298018540177,1708298018585356,45179
19755,1708298018598998,1708298018644654,45656
19756,1708298018658314,1708298018703885,45571
19757,1708298018717637,1708298018763057,45420
19758,1708298018776615,1708298018821530,44915
19759,1708298018835651,1708298018880722,45071
19760,1708298018894102,1708298018939210,45108
19761,1708298018951265,1708298018992552,41287
19762,1708298019005108,1708298019047630,42522
19763,1708298019061032,1708298019106006,44974
19764,1708298019119734,1708298019164327,44593
19765,1708298019176558,1708298019218239,41681
19766,1708298019230709,1708298019272875,42166
19767,1708298019286484,1708298019336847,50363
19768,1708298019346536,1708298019391607,45071
19769,1708298019405173,1708298019450227,45054
19770,1708298019463873,1708298019509022,45149
19771,1708298019522746,1708298019567440,44694
19772,1708298019581125,1708298019626217,45092
19773,1708298019639783,1708298019685127,45344
19774,1708298019698822,1708298019744151,45329
19775,1708298019758111,1708298019803004,44893
19776,1708298019816758,1708298019861974,45216
19777,1708298019875507,1708298019920891,45384
19778,1708298019933013,1708298019974872,41859
19779,1708298019987386,1708298020029455,42069
19780,1708298020043041,1708298020088639,45598
19781,1708298020102251,1708298020147503,45252
19782,1708298020159781,1708298020201607,41826
19783,1708298020214061,1708298020256661,42600
19784,1708298020270035,1708298020315160,45125
19785,1708298020328736,1708298020373630,44894
19786,1708298020387295,1708298020432541,45246
19787,1708298020446201,1708298020491401,45200
19788,1708298020505263,1708298020550534,45271
19789,1708298020564064,1708298020609573,45509
19790,1708298020623500,1708298020668957,45457
19791,1708298020682598,1708298020728171,45573
19792,1708298020741847,1708298020786988,45141
19793,1708298020800869,1708298020846223,45354
19794,1708298020859931,1708298020905013,45082
19795,1708298020918718,1708298020964503,45785
19796,1708298020978003,1708298021023449,45446
19797,1708298021035943,1708298021077518,41575
19798,1708298021090054,1708298021132443,42389
19799,1708298021145838,1708298021191136,45298
19800,1708298021204703,1708298021249674,44971
19801,1708298021263292,1708298021308525,45233
19802,1708298021322157,1708298021367133,44976
19803,1708298021380915,1708298021435579,54664
19804,1708298021446857,1708298021488930,42073
19805,1708298021501816,1708298021543322,41506
19806,1708298021555980,1708298021601181,45201
19807,1708298021615367,1708298021660815,45448
19808,1708298021674666,1708298021719922,45256
19809,1708298021733816,1708298021779152,45336
19810,1708298021792799,1708298021838535,45736
19811,1708298021851637,1708298021896873,45236
19812,1708298021908762,1708298021950296,41534
19813,1708298021962844,1708298022004795,41951
19814,1708298022018459,1708298022063768,45309
19815,1708298022077410,1708298022122292,44882
19816,1708298022134445,1708298022176561,42116
19817,1708298022188913,1708298022231339,42426
19818,1708298022244807,1708298022289702,44895
19819,1708298022303342,1708298022348301,44959
19820,1708298022361933,1708298022406993,45060
19821,1708298022420575,1708298022465377,44802
19822,1708298022479041,1708298022524023,44982
19823,1708298022537799,1708298022582882,45083
19824,1708298022596483,1708298022642024,45541
19825,1708298022655613,1708298022701233,45620
19826,1708298022715056,1708298022760344,45288
19827,1708298022774054,1708298022819527,45473
19828,1708298022833266,1708298022878676,45410
19829,1708298022892164,1708298022937316,45152
19830,1708298022950864,1708298022996302,45438
19831,1708298023008400,1708298023050390,41990
19832,1708298023062768,1708298023104475,41707
19833,1708298023118103,1708298023163296,45193
19834,1708298023176734,1708298023221381,44647
19835,1708298023233860,1708298023275324,41464
19836,1708298023287838,1708298023330359,42521
19838,1708298023402292,1708298023447521,45229
19839,1708298023461042,1708298023506407,45365
19840,1708298023519972,1708298023565215,45243
19841,1708298023578691,1708298023624640,45949
19842,1708298023638427,1708298023683858,45431
19843,1708298023697558,1708298023742971,45413
19844,1708298023756727,1708298023802255,45528
19845,1708298023815846,1708298023861255,45409
19846,1708298023874884,1708298023919961,45077
19847,1708298023933617,1708298023978996,45379
19848,1708298023992566,1708298024038008,45442
19849,1708298024051722,1708298024096914,45192
19850,1708298024109120,1708298024150734,41614
19851,1708298024163384,1708298024205606,42222
19852,1708298024219044,1708298024264162,45118
19853,1708298024277607,1708298024322208,44601
19854,1708298024334739,1708298024376207,41468
19855,1708298024388820,1708298024431353,42533
19856,1708298024445133,1708298024502341,57208
19857,1708298024515390,1708298024557444,42054
19858,1708298024569938,1708298024611745,41807
19859,1708298024624066,1708298024669150,45084
19860,1708298024682816,1708298024728176,45360
19861,1708298024741610,1708298024787043,45433
19862,1708298024800640,1708298024845968,45328
19863,1708298024859622,1708298024904715,45093
19864,1708298024918353,1708298024963488,45135
19865,1708298024976908,1708298025022217,45309
19866,1708298025035841,1708298025080989,45148
19867,1708298025093234,1708298025134764,41530
19868,1708298025147225,1708298025189584,42359
19869,1708298025202879,1708298025247705,44826
19870,1708298025261406,1708298025305520,44114
19871,1708298025317978,1708298025359314,41336
19872,1708298025371901,1708298025414524,42623
19873,1708298025428119,1708298025473174,45055
19874,1708298025486762,1708298025532152,45390
19875,1708298025545678,1708298025590696,45018
19876,1708298025604350,1708298025649691,45341
19877,1708298025663273,1708298025708185,44912
19878,1708298025721907,1708298025767022,45115
19879,1708298025780655,1708298025825495,44840
19880,1708298025839459,1708298025884479,45020
19881,1708298025897938,1708298025943149,45211
19882,1708298025956806,1708298026002218,45412
19883,1708298026015691,1708298026061314,45623
19884,1708298026075184,1708298026120245,45061
19885,1708298026133858,1708298026178563,44705
19886,1708298026190892,1708298026232333,41441
19887,1708298026244739,1708298026287220,42481
19888,1708298026300687,1708298026345757,45070
19889,1708298026359329,1708298026404500,45171
19890,1708298026418131,1708298026463166,45035
19891,1708298026476718,1708298026521911,45193
19892,1708298026535417,1708298026580848,45431
19893,1708298026594596,1708298026639988,45392
19894,1708298026653635,1708298026698886,45251
19895,1708298026712663,1708298026758549,45886
19896,1708298026772059,1708298026817581,45522
19897,1708298026831337,1708298026876901,45564
19898,1708298026890256,1708298026935367,45111
19899,1708298026949035,1708298026994415,45380
19900,1708298027008132,1708298027053389,45257
19901,1708298027065333,1708298027106892,41559
19902,1708298027119416,1708298027161231,41815
19903,1708298027174917,1708298027220008,45091
19904,1708298027233729,1708298027277924,44195
19905,1708298027290368,1708298027332016,41648
19906,1708298027344591,1708298027389210,44619
19907,1708298027401337,1708298027446698,45361
19908,1708298027460429,1708298027508926,48497
19909,1708298027520778,1708298027568391,47613
19910,1708298027582159,1708298027627712,45553
19911,1708298027641229,1708298027686462,45233
19912,1708298027700117,1708298027745589,45472
19913,1708298027759161,1708298027804665,45504
19914,1708298027818386,1708298027863550,45164
19915,1708298027877313,1708298027922440,45127
19916,1708298027936173,1708298027981270,45097
19917,1708298027994874,1708298028040047,45173
19918,1708298028052158,1708298028093639,41481
19919,1708298028106053,1708298028148482,42429
19920,1708298028162229,1708298028207290,45061
19921,1708298028220725,1708298028264762,44037
19922,1708298028277353,1708298028318677,41324
19923,1708298028331212,1708298028373643,42431
19924,1708298028387331,1708298028432478,45147
19925,1708298028446059,1708298028490919,44860
19926,1708298028504715,1708298028549452,44737
19927,1708298028563140,1708298028608254,45114
19928,1708298028622322,1708298028667300,44978
19929,1708298028680896,1708298028726321,45425
19930,1708298028740319,1708298028785185,44866
19931,1708298028798953,1708298028844206,45253
19932,1708298028857767,1708298028902591,44824
19933,1708298028916193,1708298028961355,45162
19934,1708298028974911,1708298029020450,45539
19935,1708298029033701,1708298029078964,45263
19936,1708298029092552,1708298029137940,45388
19937,1708298029149813,1708298029191432,41619
19938,1708298029203885,1708298029246284,42399
19939,1708298029259846,1708298029304867,45021
19940,1708298029318469,1708298029362830,44361
19941,1708298029375300,1708298029416657,41357
19942,1708298029429206,1708298029471737,42531
19943,1708298029485327,1708298029531309,45982
19944,1708298029544356,1708298029589855,45499
19945,1708298029603322,1708298029648476,45154
19946,1708298029662203,1708298029707201,44998
19947,1708298029720793,1708298029765929,45136
19948,1708298029779510,1708298029824956,45446
19949,1708298029838840,1708298029883943,45103
19950,1708298029897633,1708298029942776,45143
19951,1708298029956353,1708298030001403,45050
19952,1708298030015016,1708298030060212,45196
19953,1708298030073791,1708298030119334,45543
19954,1708298030131289,1708298030172763,41474
19955,1708298030185330,1708298030227484,42154
19956,1708298030240974,1708298030286005,45031
19957,1708298030299579,1708298030344509,44930
19958,1708298030356686,1708298030398120,41434
19959,1708298030410582,1708298030453132,42550
19960,1708298030466484,1708298030511561,45077
19961,1708298030525501,1708298030576549,51048
19962,1708298030591001,1708298030636193,45192
19963,1708298030649672,1708298030695160,45488
19964,1708298030708853,1708298030754204,45351
19965,1708298030767731,1708298030812935,45204
19966,1708298030826590,1708298030872368,45778
19967,1708298030886159,1708298030931032,44873
19968,1708298030944690,1708298030989444,44754
19969,1708298031003120,1708298031047907,44787
19970,1708298031061467,1708298031106483,45016
19971,1708298031120565,1708298031165546,44981
19972,1708298031179026,1708298031223622,44596
19973,1708298031235970,1708298031277399,41429
19974,1708298031289928,1708298031331706,41778
19975,1708298031345257,1708298031390175,44918
19976,1708298031403782,1708298031449441,45659
19978,1708298031522727,1708298031568155,45428
19979,1708298031581704,1708298031627274,45570
19980,1708298031640725,1708298031685952,45227
19981,1708298031699504,1708298031745177,45673
19982,1708298031758801,1708298031803688,44887
19983,1708298031817290,1708298031862623,45333
19984,1708298031876328,1708298031921599,45271
19985,1708298031935289,1708298031980239,44950
19986,1708298031993807,1708298032038809,45002
19987,1708298032052447,1708298032097498,45051
19988,1708298032109617,1708298032151487,41870
19989,1708298032163873,1708298032205931,42058
19990,1708298032219505,1708298032264471,44966
19991,1708298032278130,1708298032322581,44451
19992,1708298032335189,1708298032376580,41391
19993,1708298032388955,1708298032431053,42098
19994,1708298032444731,1708298032498828,54097
19996,1708298032579655,1708298032632613,52958
19997,1708298032640799,1708298032685997,45198
19999,1708298032769881,1708298032825209,55328
20000,1708298032831352,1708298032893247,61895
20062,1708298035138191,1708298035181419,43228
20063,1708298035195807,1708298035239289,43482
20064,1708298035253687,1708298035297610,43923
20065,1708298035311873,1708298035355322,43449
20066,1708298035369697,1708298035413581,43884
20067,1708298035428006,1708298035472297,44291
20068,1708298035486928,1708298035530375,43447
20069,1708298035544697,1708298035588571,43874
20070,1708298035602816,1708298035646396,43580
20071,1708298035660741,1708298035704374,43633
20072,1708298035718932,1708298035762863,43931
20073,1708298035777186,1708298035821635,44449
20074,1708298035834199,1708298035874445,40246
20075,1708298035887509,1708298035927692,40183
20076,1708298035942698,1708298035986709,44011
20077,1708298036001384,1708298036044913,43529
20078,1708298036058116,1708298036098395,40279
20079,1708298036111566,1708298036152425,40859
20080,1708298036166686,1708298036209896,43210
20081,1708298036224524,1708298036267530,43006
20082,1708298036280641,1708298036320814,40173
20083,1708298036333813,1708298036374566,40753
20084,1708298036389117,1708298036432247,43130
20085,1708298036446563,1708298036489545,42982
20086,1708298036502662,1708298036543002,40340
20087,1708298036556025,1708298036596568,40543
20088,1708298036610930,1708298036659319,48389
20089,1708298036673481,1708298036718482,45001
20090,1708298036732914,1708298036777553,44639
20091,1708298036791842,1708298036836005,44163
20092,1708298036850322,1708298036894136,43814
20093,1708298036908406,1708298036952222,43816
20094,1708298036966652,1708298037010178,43526
20095,1708298037024620,1708298037068194,43574
20096,1708298037082548,1708298037126280,43732
20097,1708298037140831,1708298037184378,43547
20098,1708298037198733,1708298037242347,43614
20099,1708298037256721,1708298037300286,43565
20100,1708298037314598,1708298037358468,43870
20101,1708298037370873,1708298037411238,40365
20102,1708298037424349,1708298037465135,40786
20103,1708298037479164,1708298037522819,43655
20104,1708298037537149,1708298037580672,43523
20105,1708298037593491,1708298037634218,40727
20106,1708298037647261,1708298037687922,40661
20107,1708298037702484,1708298037746178,43694
20108,1708298037760498,1708298037803945,43447
20109,1708298037816964,1708298037857320,40356
20110,1708298037870410,1708298037911526,41116
20111,1708298037925812,1708298037969556,43744
20112,1708298037983993,1708298038028320,44327
20113,1708298038042272,1708298038086018,43746
20114,1708298038100345,1708298038144045,43700
20115,1708298038158393,1708298038202199,43806
20116,1708298038216587,1708298038260287,43700
20117,1708298038274756,1708298038318219,43463
20118,1708298038332627,1708298038376509,43882
20119,1708298038390975,1708298038434712,43737
20120,1708298038449231,1708298038497674,48443
20121,1708298038507958,1708298038551622,43664
20122,1708298038566031,1708298038609888,43857
20123,1708298038624624,1708298038668386,43762
20124,1708298038682756,1708298038738791,56035
20125,1708298038746353,1708298038789523,43170
20126,1708298038802635,1708298038843145,40510
20127,1708298038856356,1708298038897530,41174
20128,1708298038911948,1708298038955714,43766
20129,1708298038970154,1708298039013921,43767
20130,1708298039028494,1708298039072266,43772
20131,1708298039086753,1708298039130002,43249
20132,1708298039144372,1708298039187880,43508
20133,1708298039202357,1708298039245893,43536
20134,1708298039260408,1708298039303892,43484
20135,1708298039318327,1708298039361878,43551
20136,1708298039376438,1708298039420023,43585
20137,1708298039434541,1708298039478542,44001
20138,1708298039493038,1708298039537032,43994
20139,1708298039551605,1708298039594798,43193
20140,1708298039609366,1708298039652995,43629
20141,1708298039667473,1708298039718761,51288
20142,1708298039733849,1708298039777380,43531
20143,1708298039790609,1708298039831029,40420
20144,1708298039844064,1708298039885065,41001
20145,1708298039899491,1708298039943291,43800
20146,1708298039957765,1708298040001365,43600
20147,1708298040015654,1708298040059481,43827
20148,1708298040074126,1708298040117717,43591
20149,1708298040132564,1708298040176131,43567
20150,1708298040190561,1708298040234001,43440
20151,1708298040248473,1708298040292052,43579
20152,1708298040306459,1708298040350187,43728
20153,1708298040364622,1708298040408283,43661
20154,1708298040422887,1708298040466625,43738
20155,1708298040480967,1708298040524762,43795
20156,1708298040539368,1708298040582902,43534
20157,1708298040597338,1708298040640745,43407
20158,1708298040655303,1708298040698891,43588
20159,1708298040713689,1708298040757284,43595
20160,1708298040770172,1708298040810245,40073
20161,1708298040823461,1708298040864247,40786
20162,1708298040878662,1708298040922026,43364
20163,1708298040936428,1708298040979571,43143
20164,1708298040992787,1708298041032805,40018
20165,1708298041045990,1708298041086853,40863
20166,1708298041101376,1708298041145153,43777
20167,1708298041159625,1708298041202372,42747
20168,1708298041215680,1708298041255831,40151
20169,1708298041268980,1708298041309854,40874
20170,1708298041324539,1708298041367784,43245
20171,1708298041382404,1708298041426130,43726
20172,1708298041440656,1708298041484527,43871
20173,1708298041499302,1708298041542665,43363
20174,1708298041557124,1708298041600786,43662
20175,1708298041615247,1708298041660609,45362
20176,1708298041676716,1708298041721122,44406
20177,1708298041737113,1708298041780869,43756
20178,1708298041797033,1708298041840790,43757
20179,1708298041856808,1708298041902562,45754
20180,1708298041918539,1708298041962801,44262
20181,1708298041978828,1708298042022652,43824
20182,1708298042038590,1708298042081877,43287
20183,1708298042096307,1708298042137201,40894
20184,1708298042152018,1708298042193997,41979
20185,1708298042209911,1708298042254205,44294
20186,1708298042270211,1708298042314365,44154
20187,1708298042330314,1708298042374449,44135
20188,1708298042390652,1708298042435153,44501
20189,1708298042451105,1708298042495511,44406
20190,1708298042511597,1708298042555753,44156
20191,1708298042571784,1708298042616195,44411
20192,1708298042630026,1708298042670715,40689
20193,1708298042685357,1708298042726281,40924
20194,1708298042744300,1708298042794051,49751
20195,1708298042808712,1708298042851177,42465
20196,1708298042864397,1708298042904816,40419
20197,1708298042917981,1708298042959306,41325
20198,1708298042973885,1708298043017399,43514
20199,1708298043031909,1708298043075412,43503
20200,1708298043089865,1708298043133634,43769
20201,1708298043147896,1708298043191499,43603
20202,1708298043205959,1708298043249551,43592
20203,1708298043263946,1708298043307554,43608
20204,1708298043321991,1708298043365712,43721
20205,1708298043380149,1708298043423612,43463
20206,1708298043438199,1708298043481950,43751
20207,1708298043496585,1708298043540991,44406
20208,1708298043554897,1708298043598538,43641
20209,1708298043612980,1708298043656653,43673
20210,1708298043671187,1708298043715867,44680
20211,1708298043728010,1708298043768205,40195
20212,1708298043781531,1708298043821874,40343
20213,1708298043836255,1708298043880006,43751
20214,1708298043894419,1708298043937851,43432
20215,1708298043950914,1708298043990797,39883
20216,1708298044004013,1708298044044994,40981
20217,1708298044059289,1708298044102825,43536
20218,1708298044117325,1708298044160588,43263
20219,1708298044173851,1708298044214157,40306
20220,1708298044227384,1708298044268357,40973
20221,1708298044282605,1708298044326049,43444
20222,1708298044340510,1708298044383745,43235
20223,1708298044396781,1708298044436839,40058
20224,1708298044450023,1708298044491609,41586
20225,1708298044506338,1708298044549833,43495
20226,1708298044564305,1708298044608196,43891
20227,1708298044622787,1708298044666283,43496
20228,1708298044680882,1708298044724649,43767
20229,1708298044739141,1708298044782605,43464
20230,1708298044797558,1708298044840992,43434
20231,1708298044855499,1708298044899183,43684
20232,1708298044913735,1708298044957459,43724
20233,1708298044971799,1708298045015247,43448
20234,1708298045029839,1708298045073513,43674
20235,1708298045088000,1708298045131628,43628
20236,1708298045146024,1708298045189909,43885
20237,1708298045204181,1708298045247756,43575
20238,1708298045262460,1708298045306040,43580
20239,1708298045320495,1708298045364032,43537
20240,1708298045376882,1708298045417229,40347
20241,1708298045430364,1708298045471667,41303
20242,1708298045485649,1708298045528808,43159
20243,1708298045543377,1708298045586435,43058
20244,1708298045599638,1708298045639708,40070
20245,1708298045652930,1708298045693564,40634
20246,1708298045707901,1708298045751666,43765
20247,1708298045766239,1708298045816319,50080
20248,1708298045828351,1708298045868551,40200
20249,1708298045881779,1708298045923319,41540
20250,1708298045937786,1708298045981752,43966
20251,1708298045996306,1708298046040222,43916
20252,1708298046054690,1708298046098477,43787
20253,1708298046112855,1708298046156608,43753
20254,1708298046171157,1708298046214956,43799
20255,1708298046229388,1708298046272745,43357
20256,1708298046287288,1708298046330746,43458
20257,1708298046345341,1708298046389009,43668
20258,1708298046403811,1708298046447221,43410
20259,1708298046461698,1708298046505326,43628
20260,1708298046519816,1708298046563533,43717
20261,1708298046577796,1708298046621678,43882
20262,1708298046635984,1708298046679679,43695
20263,1708298046692614,1708298046733538,40924
20264,1708298046746583,1708298046787427,40844
20265,1708298046802020,1708298046845370,43350
20266,1708298046859824,1708298046902837,43013
20267,1708298046915935,1708298046956167,40232
20268,1708298046969335,1708298047010511,41176
20269,1708298047024799,1708298047068274,43475
20270,1708298047082797,1708298047126398,43601
20271,1708298047141045,1708298047184533,43488
20272,1708298047198959,1708298047242713,43754
20273,1708298047256900,1708298047300575,43675
20274,1708298047315011,1708298047358674,43663
20275,1708298047373157,1708298047416789,43632
20276,1708298047431324,1708298047474875,43551
20278,1708298047548026,1708298047592392,44366
20279,1708298047607142,1708298047650874,43732
20280,1708298047665485,1708298047708777,43292
20281,1708298047723293,1708298047767302,44009
20282,1708298047781771,1708298047825566,43795
20283,1708298047839996,1708298047883221,43225
20284,1708298047896254,1708298047936588,40334
20285,1708298047949829,1708298047990513,40684
20286,1708298048004926,1708298048048761,43835
20287,1708298048063024,1708298048106399,43375
20288,1708298048119668,1708298048159825,40157
20289,1708298048173001,1708298048213900,40899
20290,1708298048228134,1708298048271947,43813
20291,1708298048286510,1708298048330173,43663
20292,1708298048344598,1708298048388247,43649
20293,1708298048402547,1708298048446192,43645
20294,1708298048460692,1708298048504531,43839
20295,1708298048518947,1708298048562367,43420
20296,1708298048576887,1708298048620652,43765
20297,1708298048634777,1708298048678269,43492
20298,1708298048692705,1708298048736485,43780
20299,1708298048750923,1708298048794749,43826
20300,1708298048809438,1708298048861998,52560
20301,1708298048873277,1708298048913798,40521
20302,1708298048926977,1708298048967309,40332
20303,1708298048981813,1708298049025500,43687
20304,1708298049039849,1708298049083540,43691
20305,1708298049097849,1708298049141487,43638
20306,1708298049155940,1708298049199598,43658
20307,1708298049212501,1708298049253001,40500
20308,1708298049266187,1708298049306883,40696
20309,1708298049321270,1708298049364794,43524
20310,1708298049379456,1708298049422642,43186
20311,1708298049435740,1708298049476278,40538
20312,1708298049489537,1708298049530377,40840
20313,1708298049544801,1708298049588299,43498
20314,1708298049602808,1708298049646584,43776
20315,1708298049660926,1708298049704349,43423
20316,1708298049719015,1708298049762965,43950
20317,1708298049777385,1708298049820686,43301
20318,1708298049835264,1708298049878757,43493
20319,1708298049893376,1708298049936662,43286
20320,1708298049951245,1708298049994806,43561
20321,1708298050009215,1708298050053161,43946
20322,1708298050067401,1708298050111322,43921
20323,1708298050125716,1708298050169481,43765
20324,1708298050184124,1708298050227647,43523
20325,1708298050242146,1708298050285860,43714
20326,1708298050300362,1708298050343802,43440
20327,1708298050358256,1708298050402001,43745
20328,1708298050414794,1708298050454929,40135
20329,1708298050468376,1708298050508668,40292
20330,1708298050523326,1708298050566391,43065
20331,1708298050580870,1708298050624811,43941
20332,1708298050637755,1708298050678059,40304
20333,1708298050691247,1708298050732329,41082
20334,1708298050746572,1708298050790515,43943
20335,1708298050804953,1708298050847880,42927
20336,1708298050861056,1708298050901486,40430
20337,1708298050914703,1708298050955491,40788
20338,1708298050969824,1708298051013525,43701
20339,1708298051028128,1708298051071866,43738
20340,1708298051086447,1708298051129980,43533
20341,1708298051144380,1708298051187804,43424
20342,1708298051202280,1708298051245785,43505
20343,1708298051260259,1708298051303909,43650
20344,1708298051318522,1708298051362164,43642
20345,1708298051376558,1708298051420348,43790
20346,1708298051434793,1708298051478450,43657
20347,1708298051493295,1708298051536555,43260
20348,1708298051551038,1708298051594670,43632
20349,1708298051609256,1708298051653844,44588
20350,1708298051668384,1708298051711706,43322
20351,1708298051726302,1708298051769649,43347
20352,1708298051784277,1708298051828196,43919
20353,1708298051840894,1708298051885408,44514
20354,1708298051898450,1708298051939478,41028
20355,1708298051953678,1708298051997191,43513
20356,1708298052011586,1708298052055048,43462
20357,1708298052068225,1708298052108407,40182
20358,1708298052121698,1708298052162875,41177
20359,1708298052177347,1708298052220725,43378
20360,1708298052235320,1708298052278902,43582
20361,1708298052293386,1708298052336899,43513
20362,1708298052351375,1708298052394929,43554
20363,1708298052409384,1708298052452821,43437
20364,1708298052467583,1708298052510945,43362
20365,1708298052525652,1708298052568771,43119
20366,1708298052583374,1708298052627130,43756
20367,1708298052641572,1708298052684846,43274
20368,1708298052699505,1708298052742908,43403
20369,1708298052757448,1708298052801282,43834
20370,1708298052815803,1708298052859325,43522
20371,1708298052873750,1708298052917369,43619
20372,1708298052931883,1708298052975688,43805
20373,1708298052990051,1708298053033842,43791
20374,1708298053046766,1708298053086804,40038
20375,1708298053099959,1708298053140650,40691
20376,1708298053155067,1708298053198535,43468
20377,1708298053212914,1708298053256232,43318
20378,1708298053269130,1708298053309267,40137
20379,1708298053322477,1708298053363037,40560
20380,1708298053377562,1708298053421255,43693
20381,1708298053435703,1708298053478771,43068
20382,1708298053491928,1708298053535602,43674
20383,1708298053546323,1708298053587428,41105
20384,1708298053601573,1708298053645332,43759
20385,1708298053659777,1708298053702317,42540
20386,1708298053715702,1708298053756581,40879
20387,1708298053769613,1708298053811180,41567
20388,1708298053825585,1708298053868870,43285
20389,1708298053883346,1708298053926753,43407
20390,1708298053941253,1708298053984841,43588
20391,1708298053999408,1708298054043197,43789
20392,1708298054057453,1708298054101227,43774
20393,1708298054115621,1708298054159591,43970
20394,1708298054174062,1708298054217687,43625
20395,1708298054232209,1708298054275542,43333
20396,1708298054290149,1708298054333770,43621
20397,1708298054348300,1708298054392035,43735
20398,1708298054406602,1708298054450284,43682
20399,1708298054465461,1708298054508557,43096
20400,1708298054523103,1708298054567132,44029
20401,1708298054579673,1708298054619957,40284
20402,1708298054633057,1708298054673218,40161
20403,1708298054688115,1708298054732460,44345
20404,1708298054746156,1708298054790001,43845
20405,1708298054802959,1708298054843219,40260
20406,1708298054856500,1708298054897415,40915
20407,1708298054911783,1708298054961572,49789
20408,1708298054976028,1708298055018812,42784
20409,1708298055031961,1708298055072342,40381
20410,1708298055085496,1708298055126837,41341
20411,1708298055141541,1708298055184982,43441
20412,1708298055199535,1708298055242873,43338
20413,1708298055257441,1708298055301381,43940
20414,1708298055315700,1708298055359302,43602
20415,1708298055373809,1708298055417454,43645
20416,1708298055432026,1708298055475480,43454
20417,1708298055489927,1708298055534464,44537
20418,1708298055548259,1708298055591676,43417
20419,1708298055606141,1708298055649810,43669
20420,1708298055664652,1708298055708309,43657
20421,1708298055722840,1708298055765973,43133
20422,1708298055780543,1708298055823807,43264
20423,1708298055838406,1708298055881926,43520
20424,1708298055896454,1708298055940037,43583
20425,1708298055954499,1708298055998241,43742
20426,1708298056010786,1708298056051272,40486
20427,1708298056064317,1708298056105165,40848
20428,1708298056119490,1708298056163473,43983
20429,1708298056177688,1708298056220793,43105
20430,1708298056234016,1708298056274179,40163
20431,1708298056287497,1708298056328442,40945
20432,1708298056342765,1708298056386550,43785
20433,1708298056400859,1708298056443583,42724
20434,1708298056456900,1708298056497195,40295
20436,1708298056567162,1708298056610916,43754
20437,1708298056625822,1708298056669024,43202
20438,1708298056683506,1708298056727166,43660
20439,1708298056741821,1708298056785332,43511
20440,1708298056800187,1708298056843876,43689
20441,1708298056858285,1708298056901697,43412
20442,1708298056916310,1708298056960051,43741
20443,1708298056974616,1708298057018234,43618
20444,1708298057032706,1708298057076489,43783
20445,1708298057091158,1708298057134704,43546
20446,1708298057149133,1708298057192813,43680
20447,1708298057207369,1708298057250872,43503
20448,1708298057265368,1708298057308746,43378
20449,1708298057323138,1708298057366861,43723
20450,1708298057381570,1708298057425140,43570
20451,1708298057437953,1708298057478573,40620
20452,1708298057491599,1708298057532373,40774
20453,1708298057546810,1708298057590649,43839
20454,1708298057605200,1708298057648337,43137
20455,1708298057661554,1708298057701561,40007
20456,1708298057714775,1708298057755583,40808
20457,1708298057769713,1708298057813140,43427
20458,1708298057827598,1708298057870995,43397
20459,1708298057885504,1708298057929337,43833
20460,1708298057944130,1708298057995890,51760
20461,1708298058010401,1708298058054398,43997
20462,1708298058068797,1708298058112459,43662
20463,1708298058126931,1708298058170813,43882
20464,1708298058185464,1708298058229055,43591
20465,1708298058243494,1708298058286968,43474
20466,1708298058301617,1708298058345216,43599
20467,1708298058359586,1708298058403258,43672
20468,1708298058417847,1708298058461390,43543
20471,1708298058622766,1708298058674466,51700
20473,1708298058767297,1708298058819314,52017
20474,1708298058828156,1708298058881139,52983
20476,1708298058972434,1708298059019395,46961
20479,1708298059162445,1708298059238005,75560
20480,1708298059242840,1708298059292031,49191
20481,1708298059306028,1708298059350908,44880
20482,1708298059365195,1708298059406335,41140
20483,1708298059420617,1708298059461437,40820
20484,1708298059475873,1708298059518755,42882
20485,1708298059534471,1708298059578509,44038
20486,1708298059594279,1708298059638507,44228
20487,1708298059654484,1708298059699131,44647
20488,1708298059715256,1708298059759677,44421
20489,1708298059775542,1708298059820252,44710
20490,1708298059836181,1708298059880672,44491
20491,1708298059896432,1708298059940902,44470
20492,1708298059954841,1708298059995966,41125
20493,1708298060010310,1708298060051473,41163
20494,1708298060065642,1708298060106455,40813
20495,1708298060120780,1708298060162629,41849
20496,1708298060178199,1708298060222320,44121
20497,1708298060238195,1708298060281480,43285
20498,1708298060295896,1708298060337189,41293
20499,1708298060351530,1708298060394155,42625
20500,1708298060409904,1708298060454501,44597
20501,1708298060470671,1708298060515414,44743
20502,1708298060531253,1708298060575597,44344
20503,1708298060591425,1708298060635760,44335
20504,1708298060651535,1708298060695827,44292
20505,1708298060711675,1708298060755983,44308
20506,1708298060771780,1708298060816739,44959
20507,1708298060830498,1708298060871015,40517
20508,1708298060885429,1708298060926744,41315
20509,1708298060942694,1708298060986667,43973
20510,1708298061008108,1708298061060456,52348
20511,1708298061074740,1708298061115436,40696
20512,1708298061129848,1708298061173470,43622
20513,1708298061189311,1708298061233470,44159
20514,1708298061249241,1708298061293517,44276
20515,1708298061309403,1708298061353633,44230
20516,1708298061369604,1708298061413832,44228
20517,1708298061429658,1708298061474261,44603
20518,1708298061488103,1708298061529214,41111
20519,1708298061543661,1708298061584861,41200
20520,1708298061600702,1708298061645222,44520
20521,1708298061660668,1708298061704122,43454
20522,1708298061718752,1708298061759978,41226
20523,1708298061774356,1708298061816302,41946
20524,1708298061832215,1708298061876180,43965
20525,1708298061891947,1708298061936371,44424
20526,1708298061952426,1708298061996457,44031
20527,1708298062012229,1708298062056782,44553
20528,1708298062072321,1708298062116545,44224
20529,1708298062132314,1708298062176664,44350
20530,1708298062192512,1708298062236706,44194
20531,1708298062252537,1708298062296887,44350
20532,1708298062312746,1708298062356961,44215
20533,1708298062370952,1708298062411873,40921
20534,1708298062426296,1708298062468002,41706
20535,1708298062483506,1708298062527693,44187
20536,1708298062543508,1708298062586678,43170
20537,1708298062600953,1708298062641531,40578
20538,1708298062655936,1708298062698473,42537
20539,1708298062714381,1708298062758534,44153
20540,1708298062774398,1708298062818731,44333
20541,1708298062834541,1708298062878674,44133
20542,1708298062894439,1708298062938635,44196
20543,1708298062954634,1708298062998623,43989
20544,1708298063014513,1708298063058917,44404
20545,1708298063074762,1708298063118744,43982
20546,1708298063134573,1708298063178831,44258
20547,1708298063194363,1708298063238044,43681
20548,1708298063252431,1708298063292785,40354
20549,1708298063307117,1708298063349008,41891
20550,1708298063364976,1708298063409147,44171
20551,1708298063424854,1708298063470027,45173
20552,1708298063485520,1708298063529891,44371
20553,1708298063545671,1708298063589753,44082
20554,1708298063605553,1708298063649892,44339
20555,1708298063665711,1708298063709852,44141
20556,1708298063725695,1708298063770153,44458
20557,1708298063785894,1708298063830153,44259
20558,1708298063845990,1708298063890784,44794
20559,1708298063904731,1708298063945574,40843
20560,1708298063959882,1708298064000997,41115
20561,1708298064016647,1708298064068910,52263
20562,1708298064084257,1708298064128471,44214
20563,1708298064144359,1708298064188642,44283
20564,1708298064204512,1708298064249364,44852
20565,1708298064265123,1708298064309165,44042
20566,1708298064325051,1708298064369020,43969
20567,1708298064384729,1708298064429217,44488
20568,1708298064445035,1708298064489409,44374
20569,1708298064505289,1708298064549412,44123
20570,1708298064563456,1708298064604177,40721
20571,1708298064618462,1708298064659768,41306
20572,1708298064675518,1708298064720216,44698
20573,1708298064742036,1708298064786200,44164
20574,1708298064801009,1708298064841949,40940
20575,1708298064856675,1708298064899894,43219
20576,1708298064915911,1708298064959678,43767
20577,1708298064975766,1708298065019627,43861
20578,1708298065035698,1708298065079385,43687
20579,1708298065095625,1708298065139349,43724
20580,1708298065155268,1708298065199176,43908
20581,1708298065215346,1708298065258814,43468
20582,1708298065275028,1708298065318853,43825
20583,1708298065333224,1708298065373224,40000
20584,1708298065387958,1708298065429494,41536
20585,1708298065445427,1708298065489400,43973
20586,1708298065505481,1708298065548134,42653
20587,1708298065562887,1708298065603947,41060
20588,1708298065618720,1708298065661428,42708
20589,1708298065677415,1708298065721445,44030
20590,1708298065737565,1708298065781160,43595
20591,1708298065797240,1708298065840663,43423
20592,1708298065856769,1708298065900565,43796
20593,1708298065916630,1708298065960470,43840
20594,1708298065976711,1708298066020673,43962
20595,1708298066036725,1708298066081239,44514
20596,1708298066095528,1708298066136061,40533
20597,1708298066150732,1708298066191619,40887
20598,1708298066207655,1708298066251935,44280
20599,1708298066268043,1708298066311444,43401
20600,1708298066326248,1708298066366942,40694
20601,1708298066381814,1708298066424056,42242
20602,1708298066440114,1708298066484550,44436
20603,1708298066500594,1708298066544604,44010
20604,1708298066560768,1708298066604583,43815
20605,1708298066620652,1708298066664429,43777
20606,1708298066680583,1708298066724312,43729
20607,1708298066740506,1708298066784526,44020
20608,1708298066800749,1708298066844406,43657
20609,1708298066860563,1708298066904517,43954
20610,1708298066920596,1708298066964446,43850
20611,1708298066978792,1708298067019410,40618
20612,1708298067034184,1708298067075394,41210
20613,1708298067090590,1708298067145222,54632
20614,1708298067161250,1708298067203129,41879
20615,1708298067217852,1708298067258785,40933
20616,1708298067273619,1708298067316678,43059
20617,1708298067332761,1708298067376391,43630
20618,1708298067392538,1708298067436217,43679
20619,1708298067452291,1708298067496845,44554
20620,1708298067512990,1708298067556611,43621
20621,1708298067572729,1708298067616872,44143
20622,1708298067630973,1708298067671929,40956
20623,1708298067686697,1708298067728250,41553
20624,1708298067742881,1708298067786917,44036
20625,1708298067801682,1708298067842125,40443
20626,1708298067856746,1708298067898214,41468
20627,1708298067912487,1708298067952979,40492
20628,1708298067967771,1708298068008542,40771
20629,1708298068023342,1708298068064620,41278
20630,1708298068080720,1708298068124231,43511
20631,1708298068140296,1708298068183949,43653
20632,1708298068200246,1708298068244053,43807
20633,1708298068260958,1708298068304690,43732
20634,1708298068320764,1708298068364619,43855
20635,1708298068380773,1708298068424488,43715
20636,1708298068440630,1708298068484661,44031
20637,1708298068500830,1708298068544378,43548
20638,1708298068560502,1708298068604607,44105
20639,1708298068618890,1708298068659771,40881
20640,1708298068674562,1708298068715245,40683
20641,1708298068729641,1708298068770928,41287
20642,1708298068785604,1708298068826442,40838
20643,1708298068841129,1708298068882132,41003
20644,1708298068896814,1708298068937733,40919
20645,1708298068952371,1708298068992874,40503
20646,1708298069007610,1708298069049278,41668
20647,1708298069065154,1708298069108972,43818
20648,1708298069125180,1708298069168906,43726
20649,1708298069184985,1708298069228835,43850
20650,1708298069244879,1708298069288891,44012
20651,1708298069304870,1708298069348573,43703
20652,1708298069364602,1708298069408965,44363
20653,1708298069425013,1708298069469143,44130
20654,1708298069484769,1708298069528526,43757
20655,1708298069544627,1708298069588361,43734
20656,1708298069602555,1708298069642944,40389
20657,1708298069657729,1708298069698647,40918
20658,1708298069714882,1708298069758541,43659
20659,1708298069775035,1708298069818160,43125
20660,1708298069832920,1708298069873799,40879
20661,1708298069888691,1708298069930547,41856
20662,1708298069946679,1708298069990442,43763
20663,1708298070006449,1708298070050530,44081
20664,1708298070066557,1708298070110201,43644
20665,1708298070126251,1708298070180012,53761
20666,1708298070193539,1708298070237333,43794
20667,1708298070253296,1708298070296996,43700
20668,1708298070313051,1708298070356973,43922
20669,1708298070371162,1708298070411992,40830
20670,1708298070426742,1708298070468155,41413
20671,1708298070484242,1708298070529182,44940
20672,1708298070545361,1708298070588412,43051
20673,1708298070603205,1708298070644066,40861
20674,1708298070658866,1708298070701290,42424
20675,1708298070717606,1708298070761704,44098
20676,1708298070777935,1708298070822023,44088
20677,1708298070838169,1708298070881762,43593
20678,1708298070897791,1708298070941976,44185
20679,1708298070958001,1708298071001545,43544
20680,1708298071017773,1708298071061434,43661
20681,1708298071077494,1708298071121067,43573
20682,1708298071137151,1708298071180657,43506
20683,1708298071196711,1708298071240170,43459
20684,1708298071254910,1708298071295701,40791
20685,1708298071310440,1708298071351760,41320
20686,1708298071367876,1708298071411363,43487
20687,1708298071427495,1708298071471426,43931
20688,1708298071487307,1708298071530958,43651
20689,1708298071547185,1708298071590901,43716
20690,1708298071606891,1708298071650944,44053
20691,1708298071666984,1708298071710559,43575
20692,1708298071726657,1708298071770279,43622
20693,1708298071786466,1708298071843415,56949
20694,1708298071867540,1708298071923275,55735
20695,1708298071940759,1708298071984615,43856
20696,1708298072000691,1708298072045127,44436
20697,1708298072061018,1708298072105383,44365
20698,1708298072121419,1708298072165896,44477
20699,1708298072181393,1708298072225566,44173
20700,1708298072239784,1708298072280622,40838
20701,1708298072295219,1708298072337447,42228
20702,1708298072353497,1708298072397656,44159
20703,1708298072413633,1708298072458433,44800
20704,1708298072474539,1708298072518166,43627
20705,1708298072534016,1708298072578343,44327
20706,1708298072594432,1708298072638684,44252
20707,1708298072654547,1708298072698832,44285
20708,1708298072714878,1708298072758886,44008
20709,1708298072775013,1708298072819371,44358
20710,1708298072835457,1708298072879918,44461
20711,1708298072893864,1708298072935210,41346
20712,1708298072949611,1708298072990341,40730
20713,1708298073004797,1708298073045969,41172
20714,1708298073060212,1708298073100948,40736
20715,1708298073116869,1708298073161333,44464
20717,1708298073235609,1708298073279538,43929
20718,1708298073294378,1708298073336681,42303
20719,1708298073352765,1708298073396464,43699
20720,1708298073412598,1708298073456457,43859
20721,1708298073472618,1708298073516049,43431
20722,1708298073531871,1708298073575535,43664
20723,1708298073591617,1708298073635911,44294
20724,1708298073651668,1708298073695355,43687
20725,1708298073711625,1708298073755683,44058
20726,1708298073769964,1708298073810422,40458
20727,1708298073825202,1708298073866148,40946
20728,1708298073880927,1708298073921128,40201
20729,1708298073935861,1708298073977253,41392
20730,1708298073993278,1708298074036614,43336
20731,1708298074052792,1708298074095671,42879
20732,1708298074110459,1708298074150658,40199
20733,1708298074165465,1708298074207138,41673
20734,1708298074223166,1708298074266791,43625
20735,1708298074282865,1708298074326374,43509
20736,1708298074342625,1708298074386365,43740
20737,1708298074402398,1708298074446199,43801
20738,1708298074462370,1708298074506171,43801
20739,1708298074522440,1708298074566274,43834
20740,1708298074582434,1708298074625945,43511
20741,1708298074641947,1708298074685911,43964
20742,1708298074701996,1708298074746001,44005
20743,1708298074760486,1708298074801400,40914
20744,1708298074815983,1708298074857036,41053
20745,1708298074871692,1708298074912878,41186
20746,1708298074927650,1708298074969135,41485
20747,1708298074985254,1708298075029258,44004
20748,1708298075045369,1708298075089144,43775
20749,1708298075105204,1708298075149179,43975
20750,1708298075165288,1708298075208917,43629
20751,1708298075225015,1708298075268867,43852
20752,1708298075284975,1708298075328623,43648
20753,1708298075344760,1708298075388378,43618
20754,1708298075404491,1708298075448285,43794
20755,1708298075464560,1708298075508361,43801
20756,1708298075524330,1708298075567921,43591
20757,1708298075584057,1708298075627302,43245
20758,1708298075642100,1708298075682941,40841
20759,1708298075697675,1708298075740266,42591
20760,1708298075756176,1708298075799997,43821
20761,1708298075815872,1708298075863521,47649
20762,1708298075879887,1708298075923560,43673
20763,1708298075939711,1708298075983634,43923
20764,1708298075999870,1708298076043756,43886
20765,1708298076059986,1708298076103645,43659
20766,1708298076119722,1708298076163534,43812
20767,1708298076179666,1708298076223413,43747
20768,1708298076239578,1708298076288172,48594
20769,1708298076301950,1708298076346149,44199
20770,1708298076360929,1708298076403511,42582
20771,1708298076419663,1708298076463455,43792
20772,1708298076479503,1708298076523444,43941
20773,1708298076539347,1708298076583338,43991
20774,1708298076599510,1708298076643522,44012
20775,1708298076659599,1708298076703524,43925
20776,1708298076720016,1708298076763179,43163
20777,1708298076779297,1708298076823233,43936
20778,1708298076839323,1708298076883158,43835
20779,1708298076899173,1708298076942460,43287
20780,1708298076957267,1708298076997908,40641
20781,1708298077012697,1708298077054809,42112
20782,1708298077070776,1708298077114504,43728
20783,1708298077130680,1708298077174471,43791
20784,1708298077190586,1708298077234035,43449
20785,1708298077250184,1708298077293872,43688
20786,1708298077309836,1708298077353458,43622
20787,1708298077369588,1708298077413627,44039
20788,1708298077429603,1708298077473215,43612
20789,1708298077489449,1708298077532847,43398
20790,1708298077548945,1708298077592998,44053
20791,1708298077607199,1708298077647508,40309
20792,1708298077662237,1708298077703488,41251
20793,1708298077719470,1708298077763610,44140
20794,1708298077779669,1708298077822964,43295
20795,1708298077837770,1708298077878845,41075
20796,1708298077893534,1708298077935448,41914
20797,1708298077951439,1708298077995428,43989
20798,1708298078011499,1708298078055800,44301
20799,1708298078071777,1708298078115819,44042
20800,1708298078131914,1708298078175801,43887
20801,1708298078191755,1708298078235552,43797
20802,1708298078251717,1708298078295403,43686
20803,1708298078311519,1708298078355246,43727
20804,1708298078371417,1708298078414756,43339
20805,1708298078430835,1708298078475306,44471
20806,1708298078489711,1708298078529917,40206
20807,1708298078544553,1708298078585604,41051
20808,1708298078601752,1708298078645485,43733
20809,1708298078661626,1708298078705428,43802
20810,1708298078721571,1708298078765269,43698
20811,1708298078781387,1708298078825379,43992
20812,1708298078841504,1708298078885034,43530
20813,1708298078901221,1708298078945171,43950
20814,1708298078961200,1708298079005245,44045
20815,1708298079021557,1708298079065369,43812
20816,1708298079081728,1708298079125175,43447
20817,1708298079141283,1708298079185006,43723
20818,1708298079201143,1708298079244493,43350
20819,1708298079259276,1708298079299446,40170
20820,1708298079314265,1708298079365271,51006
20821,1708298079378828,1708298079422873,44045
20822,1708298079438857,1708298079482351,43494
20823,1708298079498483,1708298079543368,44885
20824,1708298079558733,1708298079602597,43864
20825,1708298079618590,1708298079662576,43986
20826,1708298079678864,1708298079722894,44030
20827,1708298079738861,1708298079782885,44024
20828,1708298079798989,1708298079842831,43842
20829,1708298079858967,1708298079906162,47195
20830,1708298079920905,1708298079961608,40703
20831,1708298079976412,1708298080018237,41825
20832,1708298080034394,1708298080078153,43759
20833,1708298080094219,1708298080138040,43821
20834,1708298080154166,1708298080197601,43435
20835,1708298080213664,1708298080257368,43704
20836,1708298080273504,1708298080317066,43562
20837,1708298080333326,1708298080377167,43841
20838,1708298080393270,1708298080437153,43883
20839,1708298080453360,1708298080497185,43825
20840,1708298080513288,1708298080556842,43554
20841,1708298080571126,1708298080611176,40050
20842,1708298080625973,1708298080667252,41279
20843,1708298080683193,1708298080727065,43872
20844,1708298080743138,1708298080785970,42832
20845,1708298080800741,1708298080841550,40809
20846,1708298080856292,1708298080898396,42104
20847,1708298080914600,1708298080958261,43661
20848,1708298080974327,1708298081018453,44126
20849,1708298081034581,1708298081078596,44015
20850,1708298081094766,1708298081138381,43615
20851,1708298081154473,1708298081198367,43894
20852,1708298081214657,1708298081258565,43908
20853,1708298081274759,1708298081318298,43539
20854,1708298081334309,1708298081377987,43678
20855,1708298081394244,1708298081437511,43267
20856,1708298081452274,1708298081492952,40678
20857,1708298081507751,1708298081549660,41909
20858,1708298081565788,1708298081609224,43436
20859,1708298081625281,1708298081669889,44608
20860,1708298081685668,1708298081729347,43679
20861,1708298081745538,1708298081789382,43844
20862,1708298081805601,1708298081849344,43743
20863,1708298081865644,1708298081909282,43638
20864,1708298081925376,1708298081969135,43759
20865,1708298081985346,1708298082029031,43685
20866,1708298082045284,1708298082089191,43907
20867,1708298082104384,1708298082144354,39970
20868,1708298082159638,1708298082200679,41041
20869,1708298082216531,1708298082260585,44054
20870,1708298082276640,1708298082319697,43057
20871,1708298082334387,1708298082375050,40663
20872,1708298082389690,1708298082442929,53239
20873,1708298082457976,1708298082502298,44322
20874,1708298082518350,1708298082563251,44901
20875,1708298082579358,1708298082623672,44314
20876,1708298082639980,1708298082683574,43594
20877,1708298082699817,1708298082744512,44695
20878,1708298082760754,1708298082804327,43573
20879,1708298082820501,1708298082864148,43647
20880,1708298082879218,1708298082919964,40746
20881,1708298082934810,1708298082976478,41668
20882,1708298082992604,1708298083036299,43695
20883,1708298083052437,1708298083096297,43860
20884,1708298083112387,1708298083156161,43774
20885,1708298083172244,1708298083216037,43793
20886,1708298083232115,1708298083275636,43521
20887,1708298083291921,1708298083335664,43743
20888,1708298083351764,1708298083395538,43774
20889,1708298083411693,1708298083455869,44176
20890,1708298083471951,1708298083517157,45206
20891,1708298083531477,1708298083572013,40536
20892,1708298083586834,1708298083627534,40700
20893,1708298083642297,1708298083682166,39869
20894,1708298083696872,1708298083738530,41658
20895,1708298083754488,1708298083798604,44116
20896,1708298083814636,1708298083857170,42534
20897,1708298083871906,1708298083912701,40795
20898,1708298083926981,1708298083967166,40185
20899,1708298083981895,1708298084022626,40731
20900,1708298084037349,1708298084079410,42061
20901,1708298084095531,1708298084139464,43933
20902,1708298084155570,1708298084199312,43742
20903,1708298084215442,1708298084259280,43838
20904,1708298084275373,1708298084318978,43605
20905,1708298084335040,1708298084378631,43591
20906,1708298084394756,1708298084439283,44527
20907,1708298084455363,1708298084499820,44457
20910,1708298084665390,1708298084739587,74197
20911,1708298084753564,1708298084804728,51164
20912,1708298084817051,1708298084864883,47832
20914,1708298084938650,1708298084999907,61257
20916,1708298085079460,1708298085145973,66513
20918,1708298085239902,1708298085301063,61161
20919,1708298085316151,1708298085361190,45039
20920,1708298085377176,1708298085421507,44331
20922,1708298085497149,1708298085541365,44216
20923,1708298085554354,1708298085594957,40603
20924,1708298085609236,1708298085652946,43710
20925,1708298085667377,1708298085710944,43567
20926,1708298085723941,1708298085764006,40065
20927,1708298085777108,1708298085817925,40817
20928,1708298085832273,1708298085875766,43493
20929,1708298085890146,1708298085933006,42860
20930,1708298085945930,1708298085985886,39956
20931,1708298085999294,1708298086040340,41046
20932,1708298086054658,1708298086098273,43615
20933,1708298086112685,1708298086156365,43680
20934,1708298086170703,1708298086214405,43702
20935,1708298086229432,1708298086272977,43545
20936,1708298086287239,1708298086330648,43409
20937,1708298086345021,1708298086388702,43681
20938,1708298086402968,1708298086446539,43571
20939,1708298086460803,1708298086504831,44028
20940,1708298086518955,1708298086562410,43455
20941,1708298086576746,1708298086620762,44016
20942,1708298086635120,1708298086678794,43674
20943,1708298086693288,1708298086736780,43492
20944,1708298086750998,1708298086794510,43512
20945,1708298086809410,1708298086852735,43325
20946,1708298086867253,1708298086911520,44267
20947,1708298086924109,1708298086964446,40337
20948,1708298086977609,1708298087017656,40047
20949,1708298087036451,1708298087080692,44241
20950,1708298087096379,1708298087139584,43205
20951,1708298087153994,1708298087194859,40865
20952,1708298087209303,1708298087251238,41935
20953,1708298087267315,1708298087311210,43895
20954,1708298087326968,1708298087371060,44092
20955,1708298087387040,1708298087430811,43771
20956,1708298087446591,1708298087491222,44631
20957,1708298087507351,1708298087551223,43872
20958,1708298087567148,1708298087611583,44435
20959,1708298087627458,1708298087671793,44335
20960,1708298087687627,1708298087731666,44039
20961,1708298087747540,1708298087791646,44106
20962,1708298087805755,1708298087845962,40207
20963,1708298087860297,1708298087901794,41497
20965,1708298087977907,1708298088021045,43138
20966,1708298088035402,1708298088076266,40864
20967,1708298088090797,1708298088133741,42944
20968,1708298088149309,1708298088193260,43951
20969,1708298088209113,1708298088253460,44347
20970,1708298088269386,1708298088313523,44137
20971,1708298088329442,1708298088373413,43971
20972,1708298088389149,1708298088433141,43992
20973,1708298088448990,1708298088493472,44482
20974,1708298088507722,1708298088563151,55429
20975,1708298088576320,1708298088616908,40588
20976,1708298088629861,1708298088671410,41549
20977,1708298088685784,1708298088765381,79597
20978,1708298088753613,1708298088806430,52817
20979,1708298088819611,1708298088860161,40550
20980,1708298088873416,1708298088917454,44038
20981,1708298088932125,1708298088975652,43527
20982,1708298088989969,1708298089033717,43748
20983,1708298089048382,1708298089091681,43299
20984,1708298089106244,1708298089149934,43690
20985,1708298089164409,1708298089208206,43797
20986,1708298089222813,1708298089266420,43607
20987,1708298089280882,1708298089324761,43879
20988,1708298089337560,1708298089377932,40372
20989,1708298089391237,1708298089431965,40728
20990,1708298089446324,1708298089490132,43808
20991,1708298089504602,1708298089548182,43580
20992,1708298089561393,1708298089602444,41051
20993,1708298089615606,1708298089656820,41214
20994,1708298089671063,1708298089714710,43647
20995,1708298089729215,1708298089773579,44364
20996,1708298089787686,1708298089831626,43940
20997,1708298089846207,1708298089890003,43796
20998,1708298089904489,1708298089947808,43319
20999,1708298089962345,1708298090005738,43393
21000,1708298090020215,1708298090070892,50677
